"channel_id","channel_title","video_num","user_id","channel_img"
ArtforKidsHub,Art for Kids Hub,10,artsfk,
biklonz,또봇 V · 메탈리온 [Tobot V · Metalions],10,biklonz,
dmltjdzoq123,김왼팔,10,game5,https://yt3.ggpht.com/a/AATXAJyR9dRnOZrk9rDIUP0j0Z_QTc1qoeHe5MaBOeFr1w=s176-c-k-c0x00ffffff-no-rj
KidsChannel,Kids Channel - Cartoon Videos for Kids,10,thekydstv,
LarvaTuba,Larva TUBA,10,larva,
pinkfongko,핑크퐁 (인기 동요・동화) ,10,pinkfong,
pororo,뽀로로(Pororo),10,pororo,
sleepground,잠뜰 TV,10,game4,https://yt3.ggpht.com/a/AATXAJyy0DKjaKVW3gvlgp29Umdr506wxxgnMay71NEGpA=s176-c-k-c0x00ffffff-no-rj
tayokorean,꼬마버스 타요,10,tayo,
UC0ZqpSq-OIpOITZ7U16-Xeg,유디티TV,10,cook4,https://yt3.ggpht.com/a/AATXAJxz7FnKL1vG_hpRcOSKANsdPkT3lhTQ4rKz7GeSsA=s176-c-k-c0x00ffffff-no-rj
UC2fsxQr6Hcx1enORxXgKpxQ,Jane ASMR 제인,10,cook3,https://yt3.ggpht.com/a/AATXAJwte8QSmQGxIqUvQYZNu6Qo4L8PLJKMme8vgM5zAA=s176-c-k-c0x00ffffff-no-rj
UCAaLhok91QDrweyuDRsmjqQ,킴성태TV,10,game6,https://yt3.ggpht.com/a/AATXAJzEoajpszpiPtTVW-BYAhK79r6ZwbwPdyOp4BSTTw=s176-c-k-c0x00ffffff-no-rj
UCAZmZIgWLJN2n2sx_FS-PXw,박재현R6,10,kyjun92,https://yt3.ggpht.com/a/AATXAJxyyGJUvGUdfbZl_BYNiW7J8UXL5szrBaG49DgGWA=s176-c-k-c0x00ffffff-no-rj
UCdfhK0yIMjmhcQ3gP-qpXRw,산적TV 밥굽남,10,cook7,https://yt3.ggpht.com/a/AATXAJxGk-cl_4EFdBQltdLB1NE199Ma-obIjpYxvkMLaw=s176-c-k-c0x00ffffff-no-rj
UCeivPjjK9-cdj8-gw4-7JRg,문호준,10,game1,https://yt3.ggpht.com/a/AATXAJy_SCuhErBZCDQvynch9XGOLZvw64iYieG1CIu2dw=s176-c-k-c0x00ffffff-no-rj
UCgsffS7MfKL6YU3r_U3E-aA,승우아빠,10,cook6,https://yt3.ggpht.com/a/AATXAJw6FVypNqT2Oo7wxLiGg7lHtLh1fgD0PNguRSrw0w=s176-c-k-c0x00ffffff-no-rj
UCHxKSivB6JLZ1SEMdxd1fAg,뜨뜨뜨뜨,10,game10,https://yt3.ggpht.com/a/AATXAJxB9WbjNbj7myYPSjNGqke3gXetZwBg3IioTs-n928=s176-c-k-c0x00ffffff-no-rj
UCIspUwWJPEHj11hDBMfwLCw,릿쭈,10,cook9,https://yt3.ggpht.com/a/AATXAJyojetaDwYFlOD9ixZDUE22U2K1oYWuNY0utEThoA=s176-c-k-c0x00ffffff-no-rj
UCj9LQu5-mfrf6imcyrnZfug,김레인,10,game8,https://yt3.ggpht.com/a/AATXAJwO-RPXGGTT4hZYO22yNoerXKs-Jkyhlxrjzx1eZA=s176-c-k-c0x00ffffff-no-rj
UCLHwMFguUxHVSk91vzicEJw,미라클TV,10,game9,https://yt3.ggpht.com/a/AATXAJyEuW4EJrqjOGrj2eOsIUuWCbNOky2fDJAx2BYv-w=s176-c-k-c0x00ffffff-no-rj
UCpJw2H9KKqwCCGQKRh1Bf2w,T1 Faker,10,game7,https://yt3.ggpht.com/a/AATXAJykxYXKhSLzvalb0-CtsEeZs78ClAUKZoYLCu8aXw=s176-c-k-c0x00ffffff-no-rj
UCPWFxcwPliEBMwJjmeFIDIg,하루한끼 one meal a day,10,cook1,https://yt3.ggpht.com/a/AATXAJy0WZ_MyVgvUflPHwsPi6VzNi6bvLqOivqTZCbs=s176-c-k-c0x00ffffff-no-rj
UCSzHok6X5qXEO7cjvVnE62g,프레이 TV,10,game2,https://yt3.ggpht.com/a/AATXAJwu04evyqmS70QKJ3xTnWdlXqePqm34QLwVo08f=s176-c-k-c0x00ffffff-no-rj
UCT3CumbFIJiW33uq0UI3zlg,고기남자 MeatMan,10,cook10,https://yt3.ggpht.com/a/AATXAJwXUwJWCLR6GBmhuiQ9YMCXkQSH4Nu8z1RDrVi9gQ=s176-c-k-c0x00ffffff-no-rj
UCtby6rJtBGgUm-2oD_E7bzw,Cooking tree 쿠킹트리,10,cook2,https://yt3.ggpht.com/a/AATXAJwvrSoGw_Fooc5b9FwA7t-bnWxCFatNgB9GzfFLbQ=s176-c-k-c0x00ffffff-no-rj
UCyn-K7rZLXjGl7VXGweIlcA,백종원의 요리비책 Paik's Cuisine,10,cook8,https://yt3.ggpht.com/a/AATXAJyZbUxCXOehCzAhcLx1in3gJKb97STDn6C5A4RZZg=s176-c-k-c0x00ffffff-no-rj
UCyozK5OFN5lDrwim5wqQnLA,취미로 요리하는 남자 Yonam,10,cook5,https://yt3.ggpht.com/a/AATXAJxaAa20l1jMtnZUyry5aqr8iAGvfPLh8d_QbaA5=s176-c-k-c0x00ffffff-no-rj
yyyy,hh,20,tayo,
스위트티비SweetTV,스위트티비 SweetTV,10,sweettv,
